{
    "$schema": "http://json.schemastore.org/template",
    "author": "NOV ES",
    "classifications": [
        "Web",
        "NOV",
        "ESGenesis Solution"
    ],
    "identity": "NOV.ES.ESGenesis.BlankSolution",
    "name": "ESGenesis Blank Solution",
    "shortName": "esgblanksolution",
    "tags": {
        "language": "C#",
        "type": "solution"
    },
    "guids": [
        "A5EC4C55-1A78-4D55-B60E-5DBCE7B16151"
    ],
	"sourceName": "ESGSolution",
    "preferNameDirectory": true
}