{
  "$schema": "http://json.schemastore.org/vs-2017.3.host",
  "icon": "esgenesis.png",
  "symbolInfo": [
    {
      "id": "AddWebAPIService",
      "name": {
        "text": "Add API Service"
      },
      "isVisible": "true"
    },
    {
      "id": "AddWorkerService",
      "name": {
        "text": "Add Worker Service"
      },
      "isVisible": "true"
    },
    {
      "id": "ModelEntityName",
      "name": {
        "text": "Add model entity name"
      },
      "isVisible": "true"
    }
  ]
}
