{
  "$schema": "http://json.schemastore.org/template",
  "author": "NOV ES",
  "classifications": [ "Web","Worker", "NOV", "ESGenesis Module" ],
  "identity": "NOV.ES.TitanModule",
  "name": "ESGenesis Module with Web API and Worker",
  "shortName": "esgenesismodule",
  "sourceName": "ModuleName",
  "preferNameDirectory":true,
  "tags": {
    "language": "C#",
    "type": "project"
  },
  "symbols": {
    "AddWebAPIService": {
      "type": "parameter",
      "dataType": "bool",
      "defaultValue": "true"
    },
    "AddWorkerService": {
      "type": "parameter",
      "dataType": "bool",
      "defaultValue": "true"
    },
    "ModelEntityName": {
      "type": "parameter",
      "dataType": "text",
      "replaces": "ModelEntity",
      "fileRename": "ModelEntity",
      "defaultValue": "Animal",
      "displayName": "Model Entity",
      "description": "Creates Entity, Request, Response, Query & Commands to perform CRUD operation on the specified entity."
    }
  },
  "sources": [
    {
      "modifiers": [
        {
          "condition": "(!AddWebAPIService)",
          "exclude": [
            "**/ModuleName.WebAPI/**",
			"**/ModuleName.WebAPI.Test/**"
          ]
        },
		{
          "condition": "(!AddWorkerService)",
          "exclude": [
            "**/ModuleName.Worker/**",
			"**/ModuleName.Worker.Test/**"
          ]
        }
      ]
    }
  ]
}
